dt;co;no;no2;o3;so2;pm2_5;pm_10;nh3;aqi
1756695600.0;70.89;0.0;0.46;54.79;0.31;2.46;9.06;0.05;1.0
1756699200.0;71.32;0.0;0.5;54.11;0.34;2.54;9.53;0.05;1.0
1756702800.0;71.81;0.0;0.54;54.02;0.38;2.63;10.08;0.06;1.0
1756706400.0;72.18;0.0;0.56;54.21;0.41;2.68;10.6;0.07;1.0
1756710000.0;72.2;0.0;0.56;54.22;0.41;2.65;10.65;0.08;1.0
1756713600.0;72.74;0.0;0.6;53.63;0.43;2.58;10.22;0.09;1.0
1756717200.0;74.09;0.0;0.7;52.62;0.48;2.54;9.8;0.11;1.0
1756720800.0;76.09;0.0;0.86;51.59;0.55;2.54;9.41;0.13;1.0
1756724400.0;78.06;0.06;0.96;51.01;0.59;2.52;9.12;0.15;1.0
1756728000.0;79.63;0.12;0.91;51.34;0.61;2.5;8.92;0.16;1.0
1756731600.0;80.5;0.13;0.74;53.11;0.63;2.47;8.46;0.16;1.0
1756735200.0;80.74;0.1;0.53;55.73;0.61;2.44;7.82;0.15;1.0
1756738800.0;80.44;0.06;0.36;58.11;0.55;2.43;7.24;0.12;1.0
1756742400.0;80.01;0.05;0.26;59.86;0.48;2.46;6.98;0.09;1.0
1756746000.0;79.75;0.05;0.24;61.17;0.46;2.63;7.32;0.08;2.0
1756749600.0;80.43;0.05;0.27;62.77;0.48;2.96;8.22;0.09;2.0
1756753200.0;81.26;0.05;0.33;63.83;0.5;3.29;9.51;0.09;2.0
1756756800.0;81.21;0.04;0.46;63.34;0.49;3.44;10.73;0.09;2.0
1756760400.0;80.62;0.01;0.61;61.59;0.45;3.43;11.54;0.08;2.0
1756764000.0;78.97;0.0;0.63;58.95;0.4;3.33;12.12;0.07;1.0
1756767600.0;77.85;0.0;0.62;56.15;0.37;3.28;12.7;0.07;1.0
1756771200.0;77.6;0.0;0.67;53.78;0.4;3.29;13.16;0.08;1.0
1756774800.0;77.21;0.0;0.72;51.86;0.44;3.27;13.33;0.09;1.0
1756778400.0;76.08;0.0;0.71;50.42;0.45;3.28;13.31;0.09;1.0
1756782000.0;74.21;0.0;0.66;49.47;0.44;3.34;13.61;0.09;1.0
1756785600.0;73.06;0.0;0.64;48.85;0.44;3.44;13.87;0.09;1.0
1756789200.0;73.01;0.0;0.7;48.51;0.47;3.62;14.27;0.11;1.0
1756792800.0;73.72;0.0;0.82;48.32;0.54;3.94;15.27;0.15;1.0
1756796400.0;75.05;0.0;0.94;46.66;0.6;4.31;16.19;0.16;1.0
1756800000.0;77.37;0.0;1.1;43.93;0.65;4.7;16.74;0.17;1.0
1756803600.0;81.84;0.0;1.38;41.6;0.78;5.1;17.22;0.21;1.0
1756807200.0;88.98;0.01;1.88;39.67;1.0;5.51;18.16;0.24;1.0
1756810800.0;98.43;0.18;2.41;38.79;1.26;5.93;19.64;0.27;1.0
1756814400.0;108.88;0.41;2.78;41.07;1.63;6.38;20.86;0.36;2.0
1756818000.0;120.63;0.43;2.91;50.63;2.15;7.03;21.17;0.46;2.0
1756821600.0;125.54;0.3;2.31;62.28;2.16;7.87;20.91;0.41;2.0
1756825200.0;125.29;0.18;1.51;73.09;2.03;8.95;21.15;0.34;2.0
1756828800.0;123.68;0.12;0.97;81.29;1.92;10.26;22.32;0.29;2.0
1756832400.0;121.42;0.1;0.74;87.09;1.88;11.72;24.23;0.27;2.0
1756836000.0;118.11;0.1;0.69;91.24;1.88;12.6;25.57;0.28;2.0
1756839600.0;114.29;0.1;0.78;92.5;1.82;12.7;26.25;0.27;2.0
1756843200.0;111.6;0.08;1.08;91.15;1.73;12.34;26.7;0.27;2.0
1756846800.0;110.38;0.02;1.57;87.74;1.67;11.79;27.15;0.27;2.0
1756850400.0;107.96;0.0;1.77;82.08;1.55;10.95;27.4;0.26;2.0
1756854000.0;105.07;0.0;1.78;75.27;1.39;10.12;27.73;0.25;2.0
1756857600.0;103.74;0.0;1.81;69.62;1.29;9.58;28.19;0.25;2.0
1756861200.0;102.77;0.0;1.88;60.59;1.0;9.26;28.02;0.19;2.0
1756864800.0;101.99;0.0;1.92;53.59;0.8;9.09;27.62;0.18;2.0
1756868400.0;101.48;0.0;1.89;50.29;0.74;8.99;27.38;0.19;2.0
1756872000.0;102.24;0.0;1.79;47.86;0.76;9.1;27.47;0.21;2.0
1756875600.0;105.43;0.0;1.8;46.13;0.86;9.41;28.41;0.25;2.0
1756879200.0;110.36;0.0;1.91;44.53;1.04;9.86;29.94;0.32;2.0
1756882800.0;116.03;0.0;2.1;42.58;1.26;10.39;31.77;0.38;2.0
1756886400.0;123.46;0.0;2.36;39.7;1.46;11.2;34.01;0.42;2.0
1756890000.0;133.14;0.0;2.77;36.84;1.7;12.37;36.75;0.48;2.0
1756893600.0;147.86;0.01;3.53;35.58;1.95;13.86;40.42;0.52;2.0
1756897200.0;161.12;0.23;4.24;33.81;2.04;15.23;43.53;0.49;2.0
1756900800.0;173.41;0.44;4.73;34.79;2.18;16.48;45.7;0.49;2.0
1756904400.0;206.75;0.69;6.75;51.55;4.56;18.24;48.99;1.4;2.0
1756908000.0;213.91;0.71;5.39;69.32;4.95;20.2;50.03;1.54;3.0
1756911600.0;212.72;0.39;3.03;91.67;4.82;23.52;52.51;1.46;3.0
1756915200.0;205.97;0.18;1.44;106.22;4.33;26.41;54.09;1.2;3.0
1756918800.0;193.66;0.12;0.98;110.71;3.65;27.51;53.24;0.87;3.0
1756922400.0;177.04;0.11;0.89;112.77;3.18;26.84;50.21;0.64;3.0
1756926000.0;162.47;0.1;0.99;112.2;2.83;25.46;46.77;0.46;3.0
1756929600.0;154.3;0.08;1.32;109.73;2.56;24.47;44.56;0.35;3.0
1756933200.0;155.32;0.01;1.88;109.04;2.55;24.73;44.62;0.34;3.0
1756936800.0;160.0;0.0;2.22;105.79;2.48;25.49;45.63;0.35;3.0
1756940400.0;164.85;0.0;2.39;99.11;2.27;26.09;46.67;0.34;3.0
1756944000.0;171.02;0.0;2.43;92.04;2.08;26.68;48.03;0.37;3.0
1756947600.0;174.07;0.0;2.4;83.24;1.9;26.86;49.0;0.41;3.0
1756951200.0;173.42;0.0;2.3;74.93;1.74;26.67;49.69;0.45;3.0
1756954800.0;170.9;0.0;2.2;70.85;1.74;26.5;50.58;0.54;3.0
1756958400.0;172.27;0.0;2.25;69.34;1.88;26.86;50.92;0.62;3.0
1756962000.0;179.74;0.0;2.4;65.97;2.01;28.04;52.66;0.64;3.0
1756965600.0;196.33;0.0;2.95;60.93;2.22;29.77;55.1;0.67;3.0
1756969200.0;220.03;0.0;4.02;54.93;2.5;31.72;57.3;0.75;3.0
1756972800.0;249.78;0.0;5.47;49.5;2.82;33.44;59.8;0.88;3.0
1756976400.0;282.77;0.0;7.14;44.43;3.14;34.48;61.8;1.06;3.0
1756980000.0;313.54;0.01;9.12;39.82;3.38;34.33;62.22;1.19;3.0
1756983600.0;334.74;0.32;10.58;36.18;3.3;33.0;61.02;1.25;3.0
1756987200.0;345.73;1.08;9.78;36.35;2.72;31.24;58.74;1.11;3.0
1756990800.0;353.34;1.79;7.57;48.63;2.17;31.36;57.97;0.71;3.0
1756994400.0;352.49;1.1;5.88;71.1;1.83;34.02;59.68;0.55;3.0
1756998000.0;346.12;0.48;3.41;97.07;1.64;39.0;64.03;0.52;3.0
1757001600.0;336.3;0.24;1.84;116.72;1.62;44.26;68.71;0.58;3.0
1757005200.0;317.17;0.17;1.47;123.03;1.5;46.42;69.87;0.53;3.0
1757008800.0;292.38;0.16;1.49;125.74;1.51;45.8;68.1;0.51;3.0
1757012400.0;264.98;0.15;1.69;125.23;1.56;43.11;63.78;0.5;3.0
1757016000.0;240.0;0.11;2.17;118.89;1.51;39.24;57.75;0.46;3.0
1757019600.0;222.69;0.02;2.9;112.03;1.57;35.38;51.88;0.45;3.0
1757023200.0;211.9;0.0;3.19;107.26;1.71;32.29;47.32;0.44;3.0
1757026800.0;210.46;0.0;3.42;101.32;1.75;30.68;45.1;0.43;3.0
1757030400.0;215.91;0.0;3.66;95.82;1.84;30.1;44.71;0.46;3.0
1757034000.0;221.88;0.0;3.74;90.84;1.93;29.85;44.98;0.48;3.0
1757037600.0;222.66;0.0;3.41;86.41;1.78;29.81;45.62;0.4;3.0
1757041200.0;214.01;0.0;2.73;83.05;1.47;29.78;46.18;0.3;3.0
1757044800.0;199.39;0.0;1.96;86.57;1.36;29.7;47.17;0.31;3.0
1757048400.0;188.6;0.0;1.48;84.41;1.04;29.82;47.52;0.2;3.0
1757052000.0;178.47;0.0;1.07;80.43;0.77;29.37;46.65;0.12;3.0
1757055600.0;167.29;0.0;0.77;76.34;0.61;27.74;44.05;0.09;3.0
1757059200.0;156.83;0.0;0.63;71.99;0.53;25.06;40.19;0.07;3.0
1757062800.0;146.96;0.0;0.59;67.95;0.5;21.44;35.0;0.07;2.0
1757066400.0;136.82;0.0;0.61;66.39;0.51;16.95;28.36;0.07;2.0
1757070000.0;126.61;0.0;0.71;63.0;0.46;12.88;22.44;0.07;2.0
1757073600.0;117.3;0.02;0.75;60.31;0.42;9.58;17.95;0.07;2.0
1757077200.0;109.29;0.02;0.65;61.2;0.37;6.8;13.89;0.08;2.0
1757080800.0;102.19;0.02;0.53;61.73;0.33;4.92;11.12;0.09;2.0
1757084400.0;95.58;0.02;0.44;61.3;0.3;3.82;9.54;0.09;2.0
1757088000.0;89.79;0.02;0.4;60.57;0.29;3.26;8.6;0.1;2.0
1757091600.0;84.62;0.02;0.4;59.83;0.31;3.01;8.27;0.1;1.0
1757095200.0;80.08;0.02;0.42;59.56;0.34;2.94;8.67;0.08;1.0
1757098800.0;76.41;0.01;0.46;59.87;0.38;3.0;9.75;0.06;1.0
1757102400.0;73.82;0.0;0.53;60.41;0.41;3.23;11.26;0.04;2.0
1757106000.0;72.2;0.0;0.56;61.26;0.41;3.47;12.23;0.02;2.0
1757109600.0;71.06;0.0;0.51;62.22;0.37;3.61;11.36;0.04;2.0
1757113200.0;70.45;0.0;0.43;63.1;0.29;3.51;9.1;0.07;2.0
1757116800.0;70.17;0.0;0.36;63.6;0.23;3.19;7.04;0.09;2.0
1757120400.0;69.82;0.0;0.31;63.9;0.19;2.77;5.42;0.09;2.0
1757124000.0;69.7;0.0;0.27;64.53;0.16;2.39;4.34;0.1;2.0
1757127600.0;69.49;0.0;0.23;65.35;0.14;2.11;3.77;0.1;2.0
1757131200.0;68.81;0.0;0.19;66.47;0.14;1.92;3.43;0.09;2.0
1757134800.0;68.28;0.0;0.16;68.16;0.13;1.85;3.42;0.09;2.0
1757138400.0;67.92;0.0;0.14;69.93;0.13;1.9;3.67;0.08;2.0
1757142000.0;67.75;0.0;0.12;71.27;0.13;2.0;4.25;0.07;2.0
1757145600.0;67.73;0.0;0.12;72.37;0.13;2.09;4.8;0.07;2.0
1757149200.0;67.78;0.0;0.12;73.08;0.13;2.1;4.92;0.06;2.0
1757152800.0;68.05;0.0;0.14;73.85;0.12;2.03;4.53;0.06;2.0
1757156400.0;68.52;0.0;0.18;74.6;0.12;1.96;4.09;0.06;2.0
1757160000.0;68.71;0.0;0.18;75.25;0.12;1.97;3.91;0.05;2.0
1757163600.0;68.52;0.0;0.16;75.3;0.12;2.01;3.96;0.04;2.0
1757167200.0;68.48;0.0;0.15;74.95;0.13;2.09;4.18;0.03;2.0
1757170800.0;68.53;0.0;0.14;74.23;0.13;2.18;4.47;0.03;2.0
1757174400.0;68.47;0.0;0.13;73.0;0.12;2.24;4.66;0.02;2.0
1757178000.0;68.56;0.0;0.13;71.98;0.12;2.28;4.77;0.02;2.0
1757181600.0;68.69;0.0;0.13;71.08;0.12;2.3;4.85;0.02;2.0
1757185200.0;68.77;0.0;0.14;69.91;0.12;2.27;4.76;0.01;2.0
1757188800.0;68.88;0.0;0.17;68.02;0.12;2.19;4.57;0.01;2.0
1757192400.0;68.95;0.0;0.2;66.41;0.12;2.11;4.38;0.01;2.0
1757196000.0;68.7;0.0;0.19;65.51;0.12;2.04;4.26;0.01;2.0
1757199600.0;68.52;0.0;0.16;65.1;0.12;2.0;4.24;0.01;2.0
1757203200.0;68.39;0.0;0.14;64.74;0.12;1.96;4.32;0.01;2.0
1757206800.0;68.17;0.0;0.13;64.26;0.12;1.9;4.23;0.01;2.0
1757210400.0;68.06;0.0;0.13;63.33;0.12;1.81;3.93;0.01;2.0
1757214000.0;67.93;0.0;0.13;62.34;0.12;1.73;3.6;0.02;2.0
1757217600.0;67.85;0.0;0.12;61.47;0.11;1.68;3.32;0.02;2.0
1757221200.0;67.65;0.0;0.11;60.72;0.1;1.65;3.15;0.02;2.0
1757224800.0;67.42;0.0;0.1;60.28;0.1;1.61;3.0;0.03;2.0
1757228400.0;67.44;0.0;0.1;60.13;0.1;1.59;2.93;0.03;2.0
1757232000.0;67.39;0.0;0.12;60.06;0.1;1.57;2.86;0.03;2.0
1757235600.0;67.44;0.0;0.13;60.25;0.1;1.54;2.72;0.04;2.0
1757239200.0;67.85;0.0;0.18;60.79;0.1;1.49;2.5;0.04;2.0
1757242800.0;68.38;0.0;0.23;61.4;0.1;1.39;2.23;0.05;2.0
1757246400.0;68.72;0.0;0.23;62.38;0.09;1.28;1.98;0.06;2.0
1757250000.0;68.83;0.0;0.19;62.69;0.08;1.16;1.83;0.05;2.0
1757253600.0;68.84;0.01;0.19;61.99;0.08;1.09;1.86;0.05;2.0
1757257200.0;68.9;0.01;0.18;61.47;0.09;1.07;2.0;0.04;2.0
1757260800.0;69.14;0.01;0.18;61.12;0.09;1.12;2.25;0.04;2.0
1757264400.0;69.19;0.01;0.19;61.14;0.1;1.19;2.52;0.04;2.0
1757268000.0;69.2;0.01;0.2;61.49;0.1;1.28;2.81;0.03;2.0
1757271600.0;69.26;0.0;0.21;62.11;0.1;1.38;3.19;0.02;2.0
1757275200.0;69.18;0.0;0.23;62.21;0.11;1.49;3.7;0.02;2.0
1757278800.0;69.02;0.0;0.24;62.25;0.12;1.6;4.37;0.02;2.0
1757282400.0;69.0;0.0;0.23;62.67;0.13;1.75;5.5;0.03;2.0
1757286000.0;69.07;0.0;0.22;63.1;0.15;1.93;6.94;0.03;2.0
1757289600.0;69.39;0.0;0.23;63.53;0.17;2.08;8.28;0.03;2.0
1757293200.0;69.7;0.0;0.25;63.75;0.19;2.14;8.69;0.03;2.0
1757296800.0;69.82;0.0;0.27;63.96;0.2;2.17;8.76;0.03;2.0
1757300400.0;69.74;0.0;0.27;64.27;0.2;2.16;8.88;0.03;2.0
1757304000.0;69.78;0.0;0.26;64.32;0.2;2.15;9.26;0.03;2.0
1757307600.0;70.21;0.0;0.27;64.4;0.22;2.16;9.62;0.03;2.0
1757311200.0;70.86;0.0;0.29;64.51;0.25;2.19;9.68;0.04;2.0
1757314800.0;71.38;0.0;0.31;64.76;0.27;2.25;9.91;0.04;2.0
1757318400.0;71.89;0.0;0.34;64.73;0.32;2.35;10.39;0.06;2.0
1757322000.0;72.86;0.0;0.41;64.69;0.39;2.49;10.99;0.08;2.0
1757325600.0;74.64;0.0;0.53;64.73;0.48;2.63;11.56;0.1;2.0
1757329200.0;77.6;0.01;0.74;64.75;0.58;2.78;12.01;0.14;2.0
1757332800.0;81.68;0.03;0.96;64.68;0.71;2.99;12.44;0.18;2.0
1757336400.0;86.68;0.08;1.11;65.12;0.87;3.34;12.79;0.23;2.0
1757340000.0;90.37;0.1;1.05;66.7;0.95;3.78;13.34;0.26;2.0
1757343600.0;91.76;0.08;0.83;69.23;0.97;4.25;14.19;0.26;2.0
1757347200.0;93.13;0.06;0.62;71.87;0.98;4.81;15.62;0.25;2.0
1757350800.0;94.52;0.06;0.57;74.06;1.05;5.47;17.45;0.26;2.0
1757354400.0;96.84;0.06;0.63;76.56;1.15;6.21;19.35;0.27;2.0
1757358000.0;99.21;0.06;0.81;78.13;1.22;6.94;21.04;0.27;2.0
1757361600.0;102.25;0.04;1.16;78.11;1.29;7.59;22.29;0.25;2.0
1757365200.0;108.12;0.01;1.68;78.17;1.44;8.29;23.55;0.26;2.0
1757368800.0;113.73;0.0;1.96;76.98;1.48;8.96;24.68;0.24;2.0
1757372400.0;118.9;0.0;2.01;74.2;1.39;9.57;25.77;0.23;2.0
1757376000.0;124.9;0.0;1.91;70.7;1.3;10.23;27.21;0.25;2.0
1757379600.0;128.43;0.0;1.68;63.19;1.06;10.77;27.69;0.24;2.0
1757383200.0;130.25;0.0;1.63;55.86;0.88;11.3;28.23;0.25;2.0
1757386800.0;133.45;0.0;1.77;51.07;0.87;11.98;29.35;0.28;2.0
1757390400.0;143.47;0.0;2.32;49.1;1.02;13.02;31.3;0.38;2.0
1757394000.0;165.76;0.0;3.41;48.03;1.36;14.62;34.16;0.54;2.0
1757397600.0;196.25;0.0;4.84;47.11;1.89;16.52;37.25;0.8;2.0
1757401200.0;228.3;0.0;6.2;46.32;2.48;18.68;40.22;1.05;2.0
1757404800.0;251.17;0.0;7.08;45.02;2.84;20.21;40.96;1.27;2.0
1757408400.0;258.94;0.0;7.41;43.69;2.94;20.33;39.01;1.46;2.0
1757412000.0;250.6;0.01;7.18;39.65;2.57;18.75;34.93;1.44;2.0
1757415600.0;238.14;0.36;6.25;34.75;1.98;17.35;31.67;1.03;2.0
1757419200.0;225.04;0.72;4.61;36.88;1.57;17.0;29.77;0.88;2.0
1757422800.0;214.23;0.44;3.11;46.74;1.14;17.09;28.05;1.03;2.0
1757426400.0;213.05;0.22;2.41;51.14;0.81;17.15;25.79;1.18;2.0
1757430000.0;219.67;0.11;2.27;54.84;0.66;16.82;22.98;1.55;2.0
1757433600.0;227.42;0.05;2.22;61.79;0.58;15.93;19.7;1.96;2.0
1757437200.0;222.6;0.06;1.98;64.46;0.47;14.77;17.12;1.8;2.0
1757440800.0;212.17;0.06;1.7;66.11;0.4;13.54;15.38;1.41;2.0
1757444400.0;203.46;0.08;1.57;65.2;0.4;12.98;14.77;0.96;2.0
1757448000.0;201.0;0.09;1.7;63.16;0.41;13.46;15.56;0.63;2.0
1757451600.0;197.42;0.03;1.94;61.56;0.41;14.22;17.09;0.37;2.0
1757455200.0;184.24;0.0;1.85;58.37;0.39;14.39;18.5;0.17;2.0
1757458800.0;171.42;0.0;1.66;54.69;0.38;13.84;19.12;0.08;2.0
1757462400.0;159.44;0.0;1.42;51.42;0.37;12.72;18.7;0.06;2.0
1757466000.0;148.58;0.0;1.22;48.74;0.34;11.33;17.62;0.05;2.0
1757469600.0;140.65;0.0;1.14;46.61;0.31;10.22;16.67;0.05;2.0
1757473200.0;133.94;0.0;1.06;44.81;0.28;9.38;15.8;0.06;1.0
1757476800.0;129.0;0.0;1.01;42.88;0.28;8.94;15.15;0.09;1.0
1757480400.0;126.1;0.0;1.01;41.63;0.3;8.83;14.8;0.14;1.0
1757484000.0;124.86;0.0;1.05;40.82;0.35;8.88;14.57;0.22;1.0
1757487600.0;124.57;0.0;1.09;39.59;0.39;9.08;14.46;0.28;1.0
1757491200.0;123.37;0.0;1.06;37.33;0.39;9.33;14.48;0.28;1.0
1757494800.0;121.82;0.01;1.0;35.35;0.37;9.5;14.5;0.22;1.0
1757498400.0;121.09;0.02;1.1;34.75;0.36;9.32;14.34;0.14;1.0
1757502000.0;122.35;0.13;1.27;35.6;0.36;8.93;14.12;0.11;1.0
1757505600.0;122.57;0.23;1.17;39.1;0.36;8.56;13.99;0.08;1.0
1757509200.0;124.68;0.1;0.77;53.51;0.4;7.87;13.75;0.05;1.0
1757512800.0;121.3;0.09;0.53;57.52;0.4;7.29;13.09;0.04;1.0
1757516400.0;116.45;0.08;0.4;59.93;0.4;6.81;12.47;0.04;1.0
1757520000.0;110.65;0.06;0.27;66.32;0.44;6.11;11.64;0.04;2.0
1757523600.0;105.96;0.05;0.25;68.24;0.46;6.05;11.71;0.04;2.0
1757527200.0;101.64;0.05;0.25;69.43;0.48;5.94;11.84;0.04;2.0
1757530800.0;97.41;0.06;0.29;70.19;0.49;5.77;11.99;0.05;2.0
1757534400.0;93.9;0.05;0.41;69.94;0.48;5.56;12.11;0.06;2.0
1757538000.0;91.54;0.02;0.6;69.6;0.48;5.38;12.15;0.07;2.0
1757541600.0;89.4;0.0;0.68;68.25;0.48;5.21;12.07;0.09;2.0
1757545200.0;88.28;0.0;0.71;65.77;0.49;5.12;12.0;0.1;2.0
1757548800.0;88.99;0.0;0.7;63.23;0.54;5.14;12.03;0.12;2.0
1757552400.0;90.77;0.0;0.79;60.4;0.61;5.25;12.09;0.18;2.0
1757556000.0;93.97;0.0;1.03;60.39;0.71;5.43;12.39;0.28;2.0
1757559600.0;97.97;0.0;1.26;61.11;0.82;5.64;12.74;0.38;2.0
1757563200.0;102.23;0.0;1.4;60.67;0.92;5.86;13.06;0.47;2.0
1757566800.0;106.1;0.0;1.46;59.8;1.02;6.14;13.57;0.56;1.0
1757570400.0;108.53;0.0;1.46;58.99;1.1;6.41;14.11;0.64;1.0
1757574000.0;108.02;0.0;1.36;57.35;1.11;6.62;14.4;0.66;1.0
1757577600.0;107.66;0.0;1.25;53.59;1.04;6.88;14.95;0.61;1.0
1757581200.0;108.75;0.0;1.22;49.25;0.97;7.21;15.64;0.52;1.0
1757584800.0;112.01;0.01;1.43;45.43;0.95;7.46;16.29;0.41;1.0
1757588400.0;116.01;0.17;1.66;43.05;0.93;7.5;16.43;0.35;1.0
1757592000.0;117.81;0.35;1.52;44.48;0.89;7.34;15.88;0.3;1.0
1757595600.0;113.85;0.16;0.84;64.4;0.85;6.84;14.04;0.26;2.0
1757599200.0;113.24;0.1;0.49;69.28;0.79;6.99;13.71;0.24;2.0
1757602800.0;112.72;0.07;0.31;71.88;0.8;7.34;13.91;0.25;2.0
1757606400.0;111.49;0.06;0.25;73.59;0.81;7.56;14.14;0.27;2.0
1757610000.0;110.84;0.06;0.27;73.63;0.84;8.1;15.23;0.27;2.0
1757613600.0;109.3;0.06;0.31;74.84;0.89;8.6;16.61;0.28;2.0
1757617200.0;106.67;0.07;0.38;76.13;0.88;8.74;17.45;0.27;2.0
1757620800.0;105.32;0.07;0.59;75.81;0.87;8.77;18.04;0.26;2.0
1757624400.0;108.98;0.02;1.02;75.44;1.0;9.19;19.35;0.29;2.0
1757628000.0;115.9;0.0;1.52;68.94;0.96;9.88;20.65;0.25;2.0
1757631600.0;122.77;0.0;1.85;60.64;0.84;10.57;21.67;0.23;2.0
1757635200.0;128.21;0.0;1.94;54.84;0.79;11.29;22.87;0.25;2.0
1757638800.0;132.57;0.0;2.14;53.48;0.91;11.92;24.11;0.36;2.0
1757642400.0;134.23;0.0;2.4;56.22;1.06;12.01;24.48;0.49;2.0
1757646000.0;129.71;0.0;2.33;59.08;1.06;11.29;23.22;0.54;2.0
1757649600.0;121.7;0.0;2.01;60.97;0.92;9.9;20.57;0.52;2.0
1757653200.0;114.32;0.0;1.65;61.96;0.74;8.6;18.05;0.48;2.0
1757656800.0;107.55;0.0;1.33;62.44;0.6;7.55;15.99;0.43;2.0
1757660400.0;100.42;0.0;1.02;62.73;0.55;6.87;14.34;0.36;2.0
1757664000.0;94.61;0.0;0.75;61.71;0.61;6.84;13.55;0.26;2.0
1757667600.0;92.24;0.0;0.6;60.52;0.7;7.51;13.85;0.14;2.0
1757671200.0;92.74;0.0;0.51;63.8;0.76;8.78;15.11;0.04;2.0
1757674800.0;94.5;0.02;0.58;66.21;0.8;9.7;16.01;0.01;2.0
1757678400.0;96.18;0.05;0.54;69.82;0.81;10.26;16.6;0.0;2.0
1757682000.0;97.1;0.04;0.32;78.26;0.8;9.97;16.01;0.0;2.0
1757685600.0;96.48;0.03;0.24;79.83;0.66;9.03;14.57;0.0;2.0
1757689200.0;95.65;0.03;0.19;79.87;0.55;8.28;13.49;0.0;2.0
1757692800.0;94.89;0.02;0.17;79.46;0.47;7.67;12.65;0.0;2.0
1757696400.0;93.95;0.02;0.16;78.55;0.41;7.13;11.96;0.0;2.0
1757700000.0;92.9;0.02;0.17;77.67;0.36;6.67;11.42;0.0;2.0
1757703600.0;92.07;0.02;0.19;76.84;0.33;6.25;11.03;0.0;2.0
1757707200.0;91.21;0.02;0.25;75.47;0.3;5.85;10.7;0.01;2.0
1757710800.0;90.34;0.0;0.33;74.0;0.27;5.4;10.27;0.02;2.0
1757714400.0;88.91;0.0;0.35;72.09;0.25;4.97;9.76;0.03;2.0
1757718000.0;87.63;0.0;0.37;69.9;0.23;4.58;9.25;0.04;2.0
1757721600.0;86.42;0.0;0.35;68.23;0.21;4.26;8.84;0.05;2.0
1757725200.0;85.24;0.0;0.34;66.93;0.2;4.03;8.64;0.06;2.0
1757728800.0;84.32;0.0;0.34;66.03;0.19;3.83;8.51;0.06;2.0
1757732400.0;83.15;0.0;0.32;65.31;0.18;3.6;8.11;0.06;2.0
1757736000.0;82.02;0.0;0.27;64.42;0.16;3.38;7.71;0.06;2.0
1757739600.0;80.73;0.0;0.23;63.84;0.16;3.15;7.3;0.06;2.0
1757743200.0;79.82;0.0;0.21;63.4;0.15;2.93;6.82;0.06;2.0
1757746800.0;79.08;0.0;0.19;63.32;0.14;2.72;6.39;0.06;2.0
1757750400.0;78.4;0.0;0.18;63.57;0.14;2.53;6.04;0.06;2.0
1757754000.0;78.02;0.0;0.18;63.97;0.13;2.36;5.77;0.06;2.0
1757757600.0;77.89;0.0;0.22;64.77;0.12;2.19;5.43;0.06;2.0
1757761200.0;77.75;0.01;0.26;65.6;0.11;2.04;5.16;0.06;2.0
1757764800.0;77.59;0.02;0.23;66.82;0.11;1.94;5.05;0.06;2.0
1757768400.0;77.17;0.02;0.14;69.28;0.1;1.86;4.91;0.05;2.0
1757772000.0;76.44;0.01;0.11;69.42;0.1;1.87;4.91;0.05;2.0
1757775600.0;75.75;0.01;0.09;68.92;0.1;1.89;4.96;0.05;2.0
1757779200.0;75.24;0.01;0.09;68.33;0.1;1.96;5.27;0.05;2.0
1757782800.0;74.68;0.01;0.1;67.66;0.1;2.02;5.66;0.05;2.0
1757786400.0;74.18;0.01;0.11;67.2;0.1;2.06;5.99;0.05;2.0
1757790000.0;74.01;0.01;0.13;66.96;0.1;2.07;6.18;0.05;2.0
1757793600.0;74.03;0.0;0.15;66.97;0.1;2.03;6.14;0.05;2.0
1757797200.0;74.29;0.0;0.17;67.12;0.1;1.96;5.96;0.04;2.0
1757800800.0;74.28;0.0;0.17;67.06;0.1;1.88;5.74;0.04;2.0
1757804400.0;74.21;0.0;0.18;66.64;0.1;1.83;5.64;0.04;2.0
1757808000.0;74.03;0.0;0.17;65.98;0.1;1.81;5.71;0.04;2.0
1757811600.0;73.89;0.0;0.17;65.08;0.11;1.83;5.9;0.04;2.0
1757815200.0;73.47;0.0;0.17;64.1;0.11;1.85;6.13;0.04;2.0
1757818800.0;73.15;0.0;0.16;63.19;0.11;1.84;6.26;0.04;2.0
1757822400.0;72.87;0.0;0.16;62.44;0.12;1.81;6.23;0.04;2.0
1757826000.0;72.65;0.0;0.17;61.85;0.14;1.77;6.13;0.05;2.0
1757829600.0;72.55;0.0;0.18;61.58;0.15;1.73;6.04;0.06;2.0
1757833200.0;72.16;0.0;0.2;59.92;0.16;1.7;5.91;0.06;1.0
1757836800.0;71.51;0.0;0.23;56.96;0.16;1.67;5.74;0.06;1.0
1757840400.0;71.28;0.0;0.31;54.86;0.17;1.64;5.61;0.07;1.0
1757844000.0;72.04;0.01;0.49;53.4;0.2;1.62;5.54;0.08;1.0
1757847600.0;73.9;0.09;0.66;52.76;0.25;1.61;5.56;0.1;1.0
1757851200.0;75.66;0.14;0.67;55.17;0.32;1.62;5.67;0.13;1.0
1757854800.0;75.79;0.09;0.42;62.81;0.35;1.58;5.69;0.12;2.0
1757858400.0;75.2;0.06;0.29;64.38;0.32;1.55;5.49;0.11;2.0
1757862000.0;74.64;0.04;0.19;64.86;0.29;1.55;5.37;0.09;2.0
1757865600.0;74.04;0.03;0.14;64.71;0.26;1.56;5.29;0.07;2.0
1757869200.0;73.51;0.02;0.12;63.99;0.22;1.56;5.26;0.06;2.0
1757872800.0;72.91;0.02;0.12;63.38;0.19;1.52;5.19;0.04;2.0
1757876400.0;72.54;0.02;0.12;62.88;0.15;1.45;5.09;0.03;2.0
1757880000.0;72.68;0.01;0.15;62.58;0.12;1.39;5.02;0.03;2.0
1757883600.0;73.31;0.0;0.2;62.66;0.11;1.36;4.97;0.02;2.0
1757887200.0;73.97;0.0;0.22;62.86;0.1;1.34;4.94;0.02;2.0
1757890800.0;74.57;0.0;0.22;62.93;0.1;1.35;4.97;0.03;2.0
1757894400.0;75.28;0.0;0.23;62.84;0.12;1.37;5.01;0.03;2.0
1757898000.0;75.77;0.0;0.3;61.07;0.15;1.4;5.02;0.04;2.0
1757901600.0;76.3;0.0;0.4;58.76;0.17;1.44;4.99;0.05;1.0
1757905200.0;76.73;0.0;0.46;57.29;0.19;1.45;4.9;0.06;1.0
1757908800.0;76.57;0.0;0.49;53.87;0.19;1.46;4.76;0.06;1.0
1757912400.0;76.09;0.0;0.52;50.71;0.21;1.48;4.71;0.09;1.0
1757916000.0;76.28;0.0;0.58;50.24;0.27;1.52;4.79;0.15;1.0
1757919600.0;77.24;0.0;0.69;52.07;0.36;1.59;4.95;0.23;1.0
1757923200.0;78.4;0.0;0.81;53.08;0.44;1.69;5.23;0.3;1.0
1757926800.0;79.47;0.0;0.94;53.62;0.51;1.8;5.56;0.36;1.0
1757930400.0;80.57;0.01;1.2;53.52;0.54;1.92;5.86;0.38;1.0
1757934000.0;81.92;0.11;1.4;50.8;0.51;2.05;6.18;0.31;1.0
1757937600.0;82.85;0.28;1.17;48.38;0.45;2.22;6.47;0.17;1.0
1757941200.0;84.47;0.11;0.62;61.96;0.63;2.56;7.21;0.18;2.0
1757944800.0;85.52;0.07;0.43;65.06;0.66;2.97;7.51;0.19;2.0
1757948400.0;86.87;0.05;0.32;67.5;0.69;3.43;7.86;0.19;2.0
1757952000.0;89.35;0.04;0.26;70.69;0.72;3.95;8.41;0.2;2.0
1757955600.0;90.87;0.04;0.25;72.64;0.72;4.37;8.81;0.2;2.0
1757959200.0;91.33;0.03;0.26;73.48;0.69;4.59;8.89;0.19;2.0
1757962800.0;90.99;0.03;0.29;74.15;0.63;4.59;8.79;0.17;2.0
1757966400.0;90.3;0.02;0.38;74.25;0.58;4.57;8.93;0.15;2.0
1757970000.0;89.98;0.0;0.48;74.46;0.55;4.64;9.37;0.14;2.0
1757973600.0;89.47;0.0;0.53;73.97;0.53;4.63;9.74;0.13;2.0
1757977200.0;88.85;0.0;0.56;72.48;0.49;4.51;9.89;0.12;2.0
1757980800.0;88.91;0.0;0.58;71.11;0.47;4.43;9.98;0.12;2.0
1757984400.0;89.08;0.0;0.64;68.74;0.46;4.35;10.0;0.11;2.0
1757988000.0;89.38;0.0;0.69;65.65;0.45;4.24;9.93;0.11;2.0
1757991600.0;88.71;0.0;0.7;62.82;0.44;4.08;9.86;0.11;2.0
1757995200.0;87.84;0.0;0.68;60.15;0.44;3.92;9.66;0.11;2.0
1757998800.0;86.81;0.0;0.63;58.37;0.43;3.78;9.47;0.1;1.0
1758002400.0;85.31;0.0;0.57;57.49;0.4;3.64;9.48;0.1;1.0
1758006000.0;83.95;0.0;0.51;58.21;0.38;3.48;9.39;0.09;1.0
1758009600.0;82.61;0.0;0.48;58.01;0.35;3.29;9.05;0.08;1.0
1758013200.0;81.83;0.0;0.49;57.46;0.34;3.13;8.71;0.09;1.0
1758016800.0;81.91;0.0;0.6;56.41;0.39;3.09;8.56;0.12;1.0
1758020400.0;82.78;0.0;0.84;53.97;0.45;3.2;8.51;0.16;1.0
1758024000.0;84.65;0.02;1.08;51.57;0.5;3.36;8.39;0.2;1.0
1758027600.0;87.18;0.05;1.23;50.04;0.52;3.57;8.28;0.21;1.0
1758031200.0;89.0;0.06;1.25;49.66;0.52;3.75;8.22;0.21;1.0
1758034800.0;90.42;0.07;1.16;50.18;0.5;3.85;8.07;0.21;1.0
1758038400.0;95.97;0.09;0.86;58.02;0.47;4.39;8.32;0.25;1.0
1758042000.0;99.94;0.07;0.69;62.46;0.44;4.92;8.64;0.26;2.0
1758045600.0;101.07;0.07;0.6;63.88;0.41;5.2;8.9;0.25;2.0
1758049200.0;99.35;0.07;0.64;60.68;0.38;5.24;9.08;0.2;2.0
1758052800.0;96.05;0.05;0.88;55.07;0.34;5.09;9.11;0.15;1.0
1758056400.0;93.34;0.01;1.14;51.41;0.33;4.96;9.23;0.12;1.0
1758060000.0;90.24;0.0;1.21;48.92;0.31;4.89;9.52;0.11;1.0
1758063600.0;87.85;0.0;1.16;46.35;0.3;4.9;9.87;0.11;1.0
1758067200.0;85.43;0.0;1.05;44.16;0.29;4.86;10.02;0.11;1.0
1758070800.0;83.14;0.0;0.93;42.84;0.27;4.83;10.0;0.11;1.0
1758074400.0;81.69;0.0;0.83;42.44;0.25;4.75;9.88;0.1;1.0
1758078000.0;79.91;0.0;0.7;42.56;0.22;4.54;9.6;0.09;1.0
1758081600.0;77.34;0.0;0.56;42.69;0.19;4.21;9.16;0.08;1.0
1758085200.0;75.12;0.0;0.48;41.86;0.17;3.91;8.67;0.07;1.0
1758088800.0;74.87;0.0;0.42;42.37;0.17;3.67;8.25;0.06;1.0
1758092400.0;77.64;0.0;0.38;45.46;0.18;3.5;7.72;0.05;1.0
1758096000.0;82.18;0.0;0.37;47.16;0.21;3.67;7.69;0.04;1.0
1758099600.0;88.96;0.0;0.38;49.6;0.27;4.13;8.1;0.04;1.0
1758103200.0;100.34;0.0;0.45;55.38;0.37;4.81;8.45;0.02;1.0
1758106800.0;111.02;0.04;0.57;59.81;0.46;5.56;8.99;0.01;1.0
1758110400.0;118.96;0.08;0.54;64.5;0.53;6.33;9.76;0.01;2.0
1758114000.0;125.42;0.06;0.37;71.58;0.62;7.21;10.87;0.0;2.0
1758117600.0;126.37;0.05;0.29;73.17;0.64;7.8;11.82;0.0;2.0
1758121200.0;125.53;0.04;0.25;73.75;0.63;8.14;12.44;0.0;2.0
1758124800.0;124.32;0.04;0.23;74.2;0.59;8.25;12.56;0.0;2.0
1758128400.0;120.75;0.04;0.22;73.92;0.52;7.92;12.18;0.0;2.0
1758132000.0;113.32;0.03;0.2;72.11;0.41;7.04;11.52;0.0;2.0
1758135600.0;101.17;0.03;0.19;68.35;0.29;5.67;10.69;0.0;2.0
1758139200.0;89.74;0.02;0.22;64.39;0.21;4.57;10.19;0.0;2.0
1758142800.0;81.22;0.01;0.28;61.2;0.16;3.88;10.02;0.0;2.0
1758146400.0;75.26;0.0;0.37;57.09;0.14;3.5;10.02;0.0;1.0
1758150000.0;71.88;0.0;0.45;53.07;0.14;3.33;10.2;0.01;1.0
1758153600.0;69.76;0.0;0.45;50.6;0.14;3.25;10.49;0.02;1.0
1758157200.0;68.44;0.0;0.44;49.29;0.14;3.19;10.78;0.02;1.0
1758160800.0;67.38;0.0;0.4;49.36;0.14;3.13;11.03;0.02;1.0
1758164400.0;66.65;0.0;0.34;50.45;0.14;3.06;11.15;0.01;1.0
1758168000.0;65.53;0.0;0.27;49.17;0.13;3.0;11.01;0.02;1.0
1758171600.0;64.2;0.0;0.23;46.57;0.12;2.96;10.87;0.02;1.0
1758175200.0;63.06;0.0;0.2;45.52;0.12;2.91;10.71;0.03;1.0
1758178800.0;62.48;0.0;0.21;47.28;0.13;2.86;10.5;0.07;1.0
1758182400.0;62.88;0.0;0.25;50.77;0.14;2.85;10.24;0.12;1.0
1758186000.0;64.01;0.0;0.34;53.23;0.16;2.89;9.96;0.17;1.0
1758189600.0;66.35;0.0;0.64;55.03;0.17;2.98;9.72;0.21;1.0
1758193200.0;69.84;0.09;1.09;55.91;0.19;3.1;9.6;0.22;1.0
1758196800.0;72.4;0.23;1.13;55.46;0.19;3.24;9.54;0.19;1.0
1758200400.0;71.73;0.05;0.27;61.56;0.14;3.38;9.73;0.01;2.0
1758204000.0;73.88;0.03;0.17;62.13;0.14;3.62;9.95;0.0;2.0
1758207600.0;77.87;0.03;0.13;62.7;0.13;3.92;10.24;0.0;2.0
1758211200.0;83.42;0.02;0.12;63.71;0.12;4.21;10.36;0.0;2.0
1758214800.0;88.93;0.02;0.13;64.59;0.12;4.4;10.32;0.0;2.0
1758218400.0;94.58;0.03;0.15;65.81;0.11;4.54;10.24;0.0;2.0
1758222000.0;100.16;0.03;0.19;66.77;0.11;4.68;10.28;0.0;2.0
1758225600.0;103.84;0.03;0.3;66.07;0.11;4.79;10.29;0.01;2.0
1758229200.0;106.39;0.01;0.45;65.03;0.11;4.84;10.2;0.01;2.0
1758232800.0;107.21;0.0;0.57;62.13;0.11;4.88;10.13;0.01;2.0
1758236400.0;106.56;0.0;0.66;57.77;0.12;4.95;10.1;0.02;1.0
1758240000.0;104.3;0.0;0.66;54.05;0.12;5.0;10.06;0.02;1.0
1758243600.0;101.31;0.0;0.64;50.46;0.13;5.01;9.91;0.03;1.0
1758247200.0;97.73;0.0;0.66;47.38;0.13;5.04;9.77;0.03;1.0
1758250800.0;94.1;0.0;0.65;44.88;0.13;5.03;9.63;0.03;1.0
1758254400.0;90.37;0.0;0.59;42.14;0.13;4.97;9.4;0.04;1.0
1758258000.0;86.77;0.0;0.52;39.09;0.13;4.89;9.14;0.05;1.0
1758261600.0;83.57;0.0;0.46;36.47;0.13;4.8;8.89;0.06;1.0
1758265200.0;80.97;0.0;0.44;34.33;0.13;4.64;8.54;0.07;1.0
1758268800.0;79.03;0.01;0.46;32.3;0.14;4.43;8.08;0.08;1.0
1758272400.0;78.4;0.02;0.54;30.18;0.16;4.27;7.6;0.1;1.0
1758276000.0;79.45;0.07;0.8;28.39;0.18;4.18;7.16;0.09;1.0
1758279600.0;83.26;0.17;1.25;27.5;0.2;4.21;6.96;0.08;1.0
1758283200.0;87.12;0.22;1.61;28.65;0.21;4.3;6.97;0.08;1.0
1758286800.0;88.85;0.04;0.67;50.29;0.2;3.97;6.99;0.03;1.0
1758290400.0;88.69;0.04;0.53;52.77;0.23;3.84;6.92;0.05;1.0
1758294000.0;89.23;0.04;0.45;54.0;0.28;3.89;7.06;0.07;1.0
1758297600.0;89.98;0.05;0.38;54.95;0.29;4.01;7.22;0.08;1.0
1758301200.0;89.8;0.05;0.36;54.68;0.28;4.14;7.39;0.07;1.0
1758304800.0;90.18;0.05;0.35;55.08;0.29;4.38;7.78;0.06;1.0
1758308400.0;92.3;0.06;0.4;55.95;0.32;4.94;8.73;0.04;1.0
1758312000.0;96.74;0.06;0.58;57.07;0.41;6.11;10.69;0.03;1.0
1758315600.0;105.32;0.02;0.87;60.19;0.59;8.33;14.34;0.02;2.0
1758319200.0;120.62;0.0;1.2;63.67;0.88;12.15;20.33;0.02;2.0
1758322800.0;136.95;0.0;1.47;65.43;1.11;16.1;26.44;0.03;2.0
1758326400.0;149.35;0.0;1.58;65.71;1.24;19.05;30.89;0.06;2.0
1758330000.0;157.66;0.0;1.67;63.64;1.26;20.91;33.59;0.09;2.0
1758333600.0;160.83;0.01;1.68;60.14;1.15;21.84;34.74;0.11;2.0
1758337200.0;157.13;0.01;1.54;56.07;1.03;21.65;34.12;0.1;2.0
1758340800.0;147.41;0.0;1.32;50.4;0.89;20.1;31.59;0.1;2.0
1758344400.0;136.44;0.0;1.14;44.36;0.73;18.07;28.96;0.09;2.0
1758348000.0;125.9;0.0;1.0;40.03;0.58;16.1;26.88;0.08;2.0
1758351600.0;119.19;0.0;0.88;42.82;0.52;14.39;25.13;0.07;2.0
1758355200.0;111.79;0.0;0.79;42.67;0.45;12.77;22.75;0.06;2.0
1758358800.0;107.29;0.0;0.77;42.91;0.42;11.46;20.57;0.05;2.0
1758362400.0;107.34;0.0;0.84;45.36;0.45;10.8;19.03;0.04;2.0
1758366000.0;108.22;0.07;0.94;45.53;0.44;10.33;17.9;0.04;2.0
1758369600.0;110.37;0.18;0.97;46.01;0.45;10.08;17.13;0.07;2.0
1758373200.0;136.47;0.19;0.96;63.07;0.79;12.52;19.7;0.37;2.0
1758376800.0;156.04;0.14;0.78;74.69;0.94;15.7;22.99;0.56;2.0
1758380400.0;170.48;0.11;0.66;83.77;0.98;19.39;26.76;0.67;2.0
1758384000.0;178.64;0.1;0.62;88.87;0.91;22.84;30.26;0.67;2.0
1758387600.0;173.39;0.09;0.55;87.02;0.75;23.77;31.12;0.49;2.0
1758391200.0;162.31;0.08;0.51;84.81;0.61;22.86;30.21;0.29;2.0
1758394800.0;150.42;0.07;0.55;82.76;0.48;21.41;28.91;0.13;2.0
1758398400.0;146.08;0.05;0.75;81.45;0.44;21.4;29.37;0.06;2.0
1758402000.0;150.97;0.01;1.1;81.36;0.47;23.17;31.92;0.03;2.0
1758405600.0;162.64;0.0;1.37;82.13;0.58;26.4;36.27;0.03;3.0
1758409200.0;176.39;0.0;1.56;81.49;0.71;30.09;41.38;0.07;3.0
1758412800.0;189.76;0.0;1.68;80.3;0.85;33.56;46.29;0.12;3.0
1758416400.0;200.65;0.0;1.75;77.42;0.94;36.38;49.93;0.19;3.0
1758420000.0;208.43;0.0;1.72;73.19;0.92;38.63;52.38;0.21;3.0
1758423600.0;212.15;0.0;1.56;69.16;0.84;40.28;53.79;0.2;3.0
1758427200.0;212.34;0.0;1.35;64.15;0.7;41.43;54.16;0.14;3.0
1758430800.0;211.53;0.0;1.2;58.86;0.6;42.54;54.95;0.13;3.0
1758434400.0;212.4;0.0;1.11;54.78;0.55;43.95;56.66;0.14;3.0
1758438000.0;224.4;0.0;1.28;54.16;0.69;45.68;59.99;0.23;3.0
1758441600.0;246.69;0.0;1.77;52.85;0.9;47.07;62.75;0.35;3.0
1758445200.0;270.66;0.0;2.38;49.99;1.06;47.81;65.16;0.48;3.0
1758448800.0;298.16;0.03;3.42;48.06;1.36;47.58;66.4;0.64;3.0
1758452400.0;318.36;0.33;4.51;47.04;1.73;44.35;63.01;0.88;3.0
1758456000.0;321.61;0.64;4.75;54.97;2.01;38.6;54.46;1.44;3.0
1758459600.0;319.06;0.47;4.28;81.92;2.15;30.88;42.18;2.82;3.0
1758463200.0;306.26;0.3;3.09;95.88;1.73;28.95;37.87;2.7;3.0
1758466800.0;294.84;0.21;2.24;105.92;1.39;28.99;36.54;2.47;3.0
1758470400.0;281.4;0.06;2.11;107.16;1.08;26.47;32.83;2.19;3.0
1758474000.0;268.56;0.03;2.06;103.3;0.88;23.03;28.53;1.85;3.0
1758477600.0;256.78;0.02;1.98;100.49;0.76;20.68;25.65;1.57;3.0
1758481200.0;253.22;0.02;2.29;95.44;0.76;20.79;25.8;1.26;2.0
1758484800.0;252.56;0.02;2.94;92.41;0.76;21.82;27.11;1.08;2.0
1758488400.0;250.6;0.01;3.54;92.16;0.75;22.29;27.84;1.01;2.0
1758492000.0;242.75;0.0;3.51;92.76;0.72;22.27;28.49;0.91;2.0
1758495600.0;227.08;0.0;3.02;91.13;0.65;21.62;29.26;0.76;2.0
1758499200.0;207.46;0.0;2.5;84.82;0.56;19.94;29.17;0.58;2.0
1758502800.0;193.24;0.0;2.21;81.02;0.64;17.23;25.83;0.54;2.0
1758506400.0;201.8;0.0;2.76;75.09;0.91;17.37;25.73;0.51;2.0
1758510000.0;225.06;0.0;3.81;71.34;1.39;18.61;26.39;0.64;2.0
1758513600.0;246.55;0.0;4.53;64.02;1.58;19.27;26.09;0.62;2.0
1758517200.0;260.51;0.0;4.74;57.12;1.54;19.24;25.96;0.58;2.0
1758520800.0;269.54;0.0;4.89;51.85;1.5;18.72;25.67;0.57;2.0
1758524400.0;272.25;0.0;4.94;47.36;1.42;18.02;25.16;0.54;2.0
1758528000.0;269.85;0.0;4.95;43.1;1.29;16.99;23.99;0.49;2.0
1758531600.0;264.42;0.0;4.91;39.84;1.17;15.5;22.15;0.48;2.0
1758535200.0;258.04;0.04;5.05;38.14;1.06;13.8;20.15;0.47;2.0
1758538800.0;254.65;0.23;5.39;36.08;0.95;11.81;17.7;0.44;2.0
1758542400.0;253.87;0.49;5.38;36.64;0.91;9.56;14.55;0.46;1.0
1758546000.0;253.89;0.43;5.1;48.84;0.9;6.84;10.62;0.6;1.0
1758549600.0;248.34;0.38;4.82;51.39;0.84;5.37;8.58;0.61;1.0
1758553200.0;236.31;0.3;3.95;54.01;0.72;4.4;7.13;0.63;1.0
1758556800.0;222.12;0.15;3.03;55.0;0.59;3.53;5.14;0.52;1.0
1758560400.0;210.84;0.11;2.36;52.95;0.45;3.16;4.2;0.34;1.0
1758564000.0;205.17;0.07;2.05;50.44;0.35;3.07;3.93;0.21;1.0
1758567600.0;202.19;0.04;1.94;45.93;0.26;3.04;3.79;0.12;1.0
1758571200.0;203.42;0.02;1.92;41.79;0.21;3.18;4.18;0.06;1.0
1758574800.0;205.55;0.0;1.88;39.36;0.19;3.55;5.05;0.04;1.0
1758578400.0;208.07;0.0;1.71;39.52;0.21;4.39;7.28;0.03;1.0
1758582000.0;207.1;0.0;1.47;43.24;0.29;5.2;10.17;0.02;1.0
1758585600.0;191.69;0.0;1.09;50.48;0.4;5.66;12.83;0.02;1.0
1758589200.0;152.11;0.0;0.65;58.17;0.44;4.85;13.39;0.01;1.0
1758592800.0;116.51;0.0;0.41;61.04;0.42;3.87;13.25;0.01;2.0
1758596400.0;97.35;0.0;0.32;60.66;0.4;3.3;12.71;0.02;2.0
1758600000.0;92.76;0.0;0.33;58.86;0.39;2.92;11.37;0.04;1.0
1758603600.0;95.32;0.0;0.37;57.7;0.43;2.62;9.76;0.07;1.0
1758607200.0;97.0;0.0;0.4;57.37;0.47;2.42;8.64;0.1;1.0
1758610800.0;97.51;0.0;0.42;56.49;0.5;2.27;8.12;0.12;1.0
1758614400.0;97.55;0.0;0.45;54.71;0.52;2.16;7.85;0.14;1.0
1758618000.0;97.34;0.0;0.49;53.16;0.54;2.08;7.53;0.15;1.0
1758621600.0;97.3;0.01;0.63;52.28;0.56;2.0;7.24;0.17;1.0
1758625200.0;98.31;0.07;0.73;52.61;0.58;1.95;6.98;0.19;1.0
1758628800.0;98.95;0.13;0.63;55.73;0.61;1.99;6.73;0.22;1.0
1758632400.0;99.44;0.09;0.41;62.31;0.67;2.13;6.49;0.25;2.0
1758636000.0;98.85;0.06;0.32;64.55;0.67;2.34;6.35;0.27;2.0
1758639600.0;97.99;0.05;0.28;66.03;0.65;2.55;6.26;0.28;2.0
1758643200.0;97.31;0.04;0.27;66.96;0.63;2.75;6.19;0.28;2.0
1758646800.0;96.31;0.04;0.27;67.6;0.61;2.9;6.16;0.28;2.0
1758650400.0;95.26;0.04;0.28;68.23;0.6;3.0;6.23;0.27;2.0
1758654000.0;94.18;0.04;0.32;68.68;0.59;3.06;6.31;0.25;2.0
1758657600.0;93.3;0.04;0.42;68.18;0.57;3.06;6.34;0.22;2.0
1758661200.0;92.12;0.02;0.55;67.58;0.56;2.98;6.33;0.2;2.0
1758664800.0;90.23;0.0;0.58;66.88;0.55;2.83;6.21;0.18;2.0
1758668400.0;88.53;0.0;0.55;65.99;0.53;2.67;6.07;0.17;2.0
1758672000.0;87.41;0.0;0.51;65.04;0.51;2.54;6.0;0.17;2.0
1758675600.0;86.11;0.0;0.51;62.62;0.48;2.42;6.0;0.18;2.0
1758679200.0;85.07;0.0;0.54;59.76;0.43;2.33;6.06;0.18;1.0
1758682800.0;83.82;0.0;0.53;57.74;0.37;2.26;6.19;0.17;1.0
1758686400.0;81.91;0.0;0.49;55.08;0.31;2.19;6.38;0.16;1.0
1758690000.0;80.33;0.0;0.43;52.43;0.26;2.15;6.58;0.15;1.0
1758693600.0;78.92;0.0;0.39;50.98;0.24;2.12;6.79;0.15;1.0
1758697200.0;78.0;0.0;0.38;51.89;0.25;2.09;6.95;0.2;1.0
1758700800.0;78.61;0.0;0.42;54.89;0.27;2.08;7.05;0.26;1.0
1758704400.0;80.01;0.0;0.5;57.79;0.28;2.08;7.12;0.3;1.0
1758708000.0;81.71;0.0;0.74;60.35;0.29;2.07;7.15;0.32;2.0
1758711600.0;83.22;0.03;1.09;61.07;0.26;2.04;7.02;0.3;2.0
1758715200.0;84.11;0.07;1.1;60.28;0.22;2.01;6.73;0.23;2.0
1758718800.0;83.43;0.03;0.31;68.01;0.18;1.95;6.43;0.13;2.0
1758722400.0;83.71;0.02;0.2;69.61;0.17;1.96;6.14;0.12;2.0
1758726000.0;83.71;0.02;0.17;70.42;0.18;2.0;5.86;0.13;2.0
1758729600.0;83.41;0.02;0.16;71.05;0.18;2.03;5.61;0.14;2.0
1758733200.0;82.78;0.02;0.16;71.58;0.2;2.06;5.38;0.15;2.0
1758736800.0;81.85;0.02;0.17;71.75;0.21;2.08;5.2;0.16;2.0
1758740400.0;81.21;0.01;0.19;71.7;0.24;2.13;5.1;0.17;2.0
1758744000.0;80.71;0.01;0.23;71.11;0.27;2.22;5.1;0.2;2.0
1758747600.0;80.32;0.0;0.26;70.34;0.3;2.33;5.2;0.22;2.0
1758751200.0;79.83;0.0;0.25;69.58;0.33;2.46;5.4;0.26;2.0
1758754800.0;79.38;0.0;0.23;69.01;0.34;2.57;5.65;0.3;2.0
1758758400.0;79.05;0.0;0.21;68.86;0.34;2.69;5.94;0.33;2.0
1758762000.0;78.96;0.0;0.21;68.67;0.33;2.83;6.43;0.36;2.0
1758765600.0;79.21;0.0;0.22;68.39;0.33;3.01;7.23;0.37;2.0
1758769200.0;79.22;0.0;0.22;68.04;0.32;3.11;8.09;0.38;2.0
1758772800.0;79.03;0.0;0.23;66.79;0.3;3.1;8.39;0.37;2.0
1758776400.0;78.65;0.0;0.23;65.71;0.28;2.92;7.63;0.36;2.0
1758780000.0;78.04;0.0;0.21;65.29;0.25;2.63;6.57;0.35;2.0
1758783600.0;77.33;0.0;0.19;65.1;0.22;2.32;5.54;0.32;2.0
1758787200.0;76.77;0.0;0.18;65.28;0.2;2.13;5.0;0.28;2.0
1758790800.0;76.22;0.0;0.18;65.46;0.19;2.02;4.8;0.26;2.0
1758794400.0;75.7;0.0;0.21;66.07;0.18;1.92;4.81;0.24;2.0
1758798000.0;75.57;0.02;0.24;66.77;0.17;1.82;4.98;0.24;2.0
1758801600.0;75.18;0.02;0.21;67.72;0.17;1.71;5.05;0.23;2.0
1758805200.0;74.85;0.02;0.16;68.83;0.16;1.58;5.02;0.23;2.0
1758808800.0;74.45;0.02;0.13;69.43;0.15;1.51;4.99;0.21;2.0
1758812400.0;74.04;0.02;0.12;69.52;0.14;1.43;4.88;0.2;2.0
1758816000.0;73.79;0.01;0.11;69.28;0.13;1.37;4.76;0.18;2.0
1758819600.0;73.24;0.02;0.11;68.59;0.12;1.33;4.73;0.17;2.0
1758823200.0;72.65;0.02;0.11;67.82;0.12;1.3;4.73;0.15;2.0
1758826800.0;72.43;0.01;0.12;67.51;0.11;1.27;4.69;0.14;2.0
1758830400.0;72.4;0.01;0.14;67.33;0.11;1.25;4.64;0.12;2.0
1758834000.0;72.28;0.0;0.17;67.52;0.1;1.27;4.73;0.1;2.0
1758837600.0;71.66;0.0;0.17;67.12;0.1;1.34;4.81;0.08;2.0
1758841200.0;71.29;0.0;0.17;66.71;0.11;1.44;4.94;0.06;2.0
1758844800.0;70.7;0.0;0.15;66.43;0.11;1.53;5.17;0.05;2.0
1758848400.0;70.16;0.0;0.13;66.31;0.1;1.58;5.33;0.04;2.0
1758852000.0;69.82;0.0;0.12;66.78;0.1;1.61;5.51;0.03;2.0
1758855600.0;69.64;0.0;0.1;67.41;0.11;1.63;5.78;0.02;2.0
1758859200.0;69.57;0.0;0.08;67.81;0.11;1.65;6.16;0.02;2.0
1758862800.0;69.43;0.0;0.08;67.52;0.12;1.68;6.72;0.02;2.0
1758866400.0;69.36;0.0;0.08;66.93;0.12;1.68;7.06;0.02;2.0
1758870000.0;69.58;0.0;0.08;66.69;0.12;1.67;7.55;0.02;2.0
1758873600.0;69.78;0.0;0.09;66.22;0.13;1.62;7.84;0.02;2.0
1758877200.0;70.01;0.0;0.11;65.87;0.13;1.55;7.63;0.02;2.0
1758880800.0;70.48;0.0;0.16;65.72;0.13;1.46;7.19;0.02;2.0
1758884400.0;70.97;0.01;0.2;65.79;0.13;1.37;6.74;0.02;2.0
1758888000.0;71.21;0.02;0.18;66.0;0.12;1.28;6.23;0.01;2.0
1758891600.0;71.19;0.02;0.12;66.66;0.11;1.16;5.59;0.01;2.0
1758895200.0;71.17;0.02;0.09;66.69;0.1;1.06;5.0;0.01;2.0
1758898800.0;70.93;0.02;0.08;66.46;0.09;0.98;4.61;0.01;2.0
1758902400.0;71.0;0.02;0.08;66.18;0.09;0.93;4.32;0.01;2.0
1758906000.0;70.58;0.02;0.08;65.57;0.09;0.9;4.13;0.01;2.0
1758909600.0;70.23;0.02;0.08;64.89;0.08;0.89;4.07;0.01;2.0
1758913200.0;70.33;0.02;0.1;64.51;0.09;0.89;4.06;0.01;2.0
1758916800.0;70.56;0.02;0.17;63.77;0.09;0.87;3.99;0.01;2.0
1758920400.0;70.8;0.01;0.27;63.29;0.09;0.85;3.85;0.02;2.0
1758924000.0;70.82;0.0;0.3;62.76;0.09;0.81;3.68;0.02;2.0
1758927600.0;70.6;0.0;0.3;61.97;0.09;0.78;3.56;0.02;2.0
1758931200.0;70.23;0.0;0.27;61.2;0.09;0.77;3.52;0.03;2.0
1758934800.0;69.75;0.0;0.23;60.82;0.09;0.77;3.53;0.03;2.0
1758938400.0;69.68;0.0;0.21;61.11;0.1;0.77;3.51;0.03;2.0
1758942000.0;69.82;0.0;0.19;61.9;0.11;0.77;3.46;0.03;2.0
1758945600.0;70.1;0.0;0.14;63.83;0.12;0.76;3.31;0.02;2.0
1758949200.0;70.14;0.0;0.16;63.2;0.14;0.77;3.18;0.03;2.0
1758952800.0;69.97;0.0;0.18;62.17;0.16;0.8;3.16;0.03;2.0
1758956400.0;69.55;0.0;0.22;59.44;0.17;0.84;3.24;0.04;1.0
1758960000.0;69.25;0.0;0.29;56.11;0.19;0.88;3.38;0.05;1.0
1758963600.0;69.5;0.0;0.38;53.95;0.22;0.91;3.58;0.07;1.0
1758967200.0;70.11;0.01;0.52;52.92;0.25;0.91;3.76;0.08;1.0
1758970800.0;71.31;0.09;0.6;53.17;0.28;0.91;3.83;0.1;1.0
1758974400.0;72.06;0.12;0.54;55.79;0.32;0.9;3.82;0.11;1.0
1758978000.0;72.03;0.07;0.34;61.92;0.38;0.91;3.83;0.12;2.0
1758981600.0;72.18;0.04;0.27;63.84;0.41;0.98;4.01;0.12;2.0
1758985200.0;72.07;0.03;0.22;64.94;0.42;1.05;4.13;0.12;2.0
1758988800.0;72.2;0.03;0.19;65.62;0.41;1.12;4.18;0.11;2.0
1758992400.0;72.18;0.03;0.18;65.56;0.42;1.23;4.31;0.11;2.0
1758996000.0;72.08;0.03;0.18;65.5;0.44;1.32;4.46;0.11;2.0
1758999600.0;72.24;0.04;0.21;65.7;0.44;1.38;4.61;0.11;2.0
1759003200.0;72.48;0.04;0.31;65.9;0.45;1.42;4.78;0.12;2.0
1759006800.0;73.29;0.02;0.51;66.26;0.49;1.49;5.04;0.13;2.0
1759010400.0;74.03;0.0;0.67;66.34;0.53;1.59;5.43;0.15;2.0
1759014000.0;75.24;0.0;0.8;66.01;0.58;1.75;5.96;0.17;2.0
1759017600.0;76.42;0.0;0.9;65.56;0.64;1.94;6.59;0.19;2.0
1759021200.0;77.41;0.0;1.02;62.3;0.61;2.13;7.17;0.19;2.0
1759024800.0;77.97;0.0;1.11;58.64;0.55;2.3;7.7;0.17;1.0
1759028400.0;78.43;0.0;1.11;56.7;0.52;2.45;8.21;0.16;1.0
1759032000.0;78.93;0.0;1.05;55.13;0.51;2.65;8.78;0.15;1.0
1759035600.0;79.34;0.0;0.95;53.62;0.51;2.88;9.35;0.15;1.0
1759039200.0;79.66;0.0;0.84;53.07;0.56;3.16;10.0;0.17;1.0
1759042800.0;80.08;0.0;0.78;52.99;0.67;3.51;10.77;0.21;1.0
1759046400.0;82.5;0.0;0.83;52.81;0.83;4.08;12.04;0.25;1.0
1759050000.0;87.31;0.0;0.99;52.55;1.08;4.92;13.86;0.31;1.0
1759053600.0;94.08;0.01;1.37;52.09;1.37;5.93;16.05;0.34;1.0
1759057200.0;101.67;0.14;1.78;51.56;1.61;6.86;18.14;0.37;1.0
1759060800.0;108.31;0.32;1.84;54.21;1.89;7.8;20.05;0.45;2.0
1759064400.0;124.02;0.24;1.5;79.82;3.27;10.45;24.77;0.8;2.0
1759068000.0;132.11;0.15;0.97;91.92;3.67;12.71;28.41;0.91;2.0
1759071600.0;135.76;0.1;0.67;100.26;3.83;14.65;31.25;0.92;3.0
1759075200.0;137.76;0.05;0.75;103.75;3.75;15.97;32.23;0.88;3.0
1759078800.0;137.18;0.05;0.84;104.02;3.43;16.8;32.36;0.8;3.0
1759082400.0;135.9;0.04;0.91;104.74;3.17;17.41;32.65;0.72;3.0
1759086000.0;134.11;0.03;1.03;104.05;2.88;17.71;33.71;0.6;3.0
1759089600.0;135.47;0.03;1.24;102.98;2.66;18.37;35.42;0.52;3.0
1759093200.0;143.16;0.01;1.57;103.69;2.64;19.81;37.73;0.54;3.0
1759096800.0;152.07;0.0;1.86;97.63;2.34;21.45;39.8;0.5;2.0
1759100400.0;157.19;0.0;2.03;88.8;2.02;22.45;40.88;0.5;2.0
1759104000.0;159.41;0.0;2.03;83.55;1.9;23.08;41.92;0.55;2.0
1759107600.0;158.58;0.0;1.93;80.39;1.78;23.26;42.48;0.6;2.0
1759111200.0;154.31;0.0;1.71;71.23;1.37;23.22;42.58;0.47;2.0
1759114800.0;150.0;0.0;1.51;61.91;1.03;23.09;42.28;0.35;2.0
1759118400.0;145.97;0.0;1.39;53.3;0.81;23.16;41.75;0.29;2.0
1759122000.0;142.68;0.0;1.28;47.18;0.7;23.54;41.55;0.27;2.0
1759125600.0;139.02;0.0;1.19;43.57;0.66;23.8;41.26;0.27;2.0
1759129200.0;136.23;0.0;1.12;41.59;0.64;23.99;40.98;0.27;2.0
1759132800.0;136.01;0.0;1.09;40.7;0.64;24.3;40.5;0.27;2.0
1759136400.0;137.52;0.0;1.1;40.42;0.66;24.8;40.43;0.27;2.0
1759140000.0;141.53;0.02;1.2;46.34;0.82;25.11;41.28;0.31;3.0
1759143600.0;141.89;0.17;1.25;50.32;0.81;24.71;41.26;0.27;2.0
1759147200.0;139.76;0.24;1.09;58.61;0.8;24.03;41.13;0.24;2.0
1759150800.0;153.38;0.1;0.67;92.03;1.26;26.11;45.2;0.43;3.0
1759154400.0;150.68;0.07;0.47;97.09;1.19;25.54;44.8;0.43;3.0
1759158000.0;142.07;0.06;0.38;96.12;1.06;23.64;43.02;0.38;2.0
1759161600.0;133.87;0.05;0.34;94.59;0.95;21.76;41.3;0.35;2.0
1759165200.0;124.54;0.05;0.32;91.22;0.82;19.61;39.05;0.3;2.0
1759168800.0;113.78;0.04;0.31;86.68;0.69;17.09;36.36;0.24;2.0
1759172400.0;103.71;0.04;0.33;81.83;0.58;14.67;33.76;0.2;2.0
1759176000.0;96.22;0.03;0.43;77.24;0.5;12.83;31.7;0.17;2.0
1759179600.0;90.95;0.0;0.54;72.9;0.43;11.45;30.27;0.15;2.0
1759183200.0;87.36;0.0;0.77;63.72;0.34;10.52;29.19;0.12;2.0
1759186800.0;86.02;0.0;0.98;55.01;0.29;10.16;28.62;0.12;2.0
1759190400.0;85.79;0.0;1.04;50.1;0.28;10.17;28.44;0.13;2.0
1759194000.0;80.02;0.0;0.94;47.6;0.28;10.28;32.04;0.13;2.0
1759197600.0;79.66;0.0;0.95;45.23;0.28;10.32;31.48;0.14;2.0
1759201200.0;78.97;0.0;0.9;43.16;0.27;10.41;30.85;0.13;2.0
1759204800.0;77.92;0.0;0.8;40.93;0.26;10.56;30.2;0.14;2.0
1759208400.0;77.08;0.0;0.7;39.81;0.26;10.74;29.98;0.15;2.0
1759212000.0;76.67;0.0;0.63;40.37;0.28;10.92;30.25;0.16;2.0
1759215600.0;76.7;0.0;0.57;42.13;0.29;11.06;30.92;0.18;2.0
1759219200.0;76.69;0.0;0.55;42.06;0.29;11.21;31.15;0.17;2.0
1759222800.0;76.92;0.0;0.58;41.6;0.29;11.4;31.3;0.17;2.0
1759226400.0;78.49;0.02;0.76;42.24;0.3;11.49;31.27;0.14;2.0
1759230000.0;81.36;0.1;1.06;43.03;0.31;11.56;30.95;0.12;2.0
1759233600.0;83.88;0.14;1.16;45.97;0.31;11.62;30.82;0.12;2.0
1759237200.0;87.95;0.03;0.54;64.46;0.34;11.16;30.6;0.14;2.0
1759240800.0;90.64;0.03;0.44;67.66;0.35;11.03;28.89;0.17;2.0
1759244400.0;93.02;0.03;0.38;70.07;0.35;11.2;28.2;0.18;2.0
1759248000.0;95.34;0.02;0.39;71.76;0.38;11.52;27.95;0.21;2.0
1759251600.0;96.36;0.02;0.45;71.89;0.4;11.95;28.24;0.22;2.0
1759255200.0;97.91;0.02;0.5;72.84;0.42;12.63;29.26;0.22;2.0
1759258800.0;100.69;0.01;0.58;74.73;0.43;13.64;31.09;0.2;2.0
1759262400.0;103.62;0.01;0.75;74.97;0.44;14.65;32.94;0.17;2.0
1759266000.0;106.89;0.0;0.89;75.18;0.44;15.69;34.5;0.16;2.0
1759269600.0;111.07;0.0;1.0;73.51;0.44;16.95;35.89;0.16;2.0
1759273200.0;116.34;0.0;1.15;69.68;0.5;18.18;37.16;0.2;2.0
1759276800.0;122.17;0.0;1.28;66.05;0.68;19.18;38.31;0.27;2.0
1759280400.0;165.16;0.0;1.09;87.36;1.29;28.78;51.35;0.26;3.0
1759284000.0;157.16;0.0;0.94;85.7;1.16;26.94;48.32;0.2;3.0
1759287600.0;147.89;0.0;0.75;87.1;1.06;24.83;45.25;0.14;2.0
